AGE,SEX,BMI,BP,S1,S2,S3,S4,S5,S6,Y
,,,0.0218723549949558,-0.0442234984244464,-0.0348207628376986,-0.0434008456520269,-0.00259226199818282,0.0199084208763183,-0.0176461251598052,151.0
-0.001882016527791,-0.044641636506989,-0.0514740612388061,-0.0263278347173518,-0.00844872411121698,-0.019163339748222,0.0744115640787594,-0.0394933828740919,-0.0683297436244215,-0.09220404962683,75.0
